OR Air Swab,Sterile Swab,Placenta (MS),Placenta (FS),Saliva,Vaginal swab,Water,Extraction Blank
35.45197,35.30853,31.98927,35.68657,22.50637,17.08453,35.3609,36.82617
34.8122,35.93253,38.74123,37.31253,14.75337,18.7555,,35.38143
35.69267,35.33637,38.2882,37.36217,27.20717,24.2301,,
34.28417,,34.1083,37.983,21.0313,30.52077,,
35.45303,,35.61243,37.0876,15.63033,19.48133,,
34.4954,,36.5728,36.69997,19.4938,19.42503,,
